"","confirmed","confirmed_per_100k","deaths","deaths_per_100k","recovered","active","mortality_rate","population","pop_density","pop_0_14_2018","pop_15_64_2018","pop_65_over_2018","diabetes_20_79","death_by_ncd","death_by_cvd_ca_dm_30_70","tourist_arrivals","gdp_capita","income","oecs","economy","region_1","region_2","region_3","region_4","region_5","region_6","region_7","region","income_1","income_2","income_3","income_4"
"Antigua & Barbuda",74,76.1959677917585,3,3.08902572128751,57,14,4.05405405405405,97118,218.831818181818,21.9547354764307,68.9903004592352,9.05496406433411,13.1,81.8,22.6,269000,15703.028475991,3,1,2,0,0,1,0,0,0,0,"Latin America & Caribbean ",1,0,0,0
"Bahamas",113,29.012894049019,11,2.82426402247087,91,11,9.73451327433628,389482,38.5254745254745,22.0757313560062,70.4409959895451,7.48327265444873,8.8,73.9,15.5,1633000,27477.9598590968,3,2,2,0,0,1,0,0,0,0,"Latin America & Caribbean ",1,0,0,0
"Belize",37,9.47860013884868,2,0.512356764262091,20,15,5.40540540540541,390353,16.7939938623411,29.704395764859,65.4282149746512,4.86738926048986,17.1,67.4,22.1,489000,4149.86190551309,2,2,2,0,0,1,0,0,0,0,"Latin America & Caribbean ",0,0,0,1
"Barbados",103,35.8853758383416,7,2.43881195017856,90,6,6.79611650485437,287025,666.606976744186,17.0504311471126,66.7185785210348,16.2309903318526,13.4,82.8,16.2,680000,16099.8284121592,3,2,2,0,0,1,0,0,0,0,"Latin America & Caribbean ",1,0,0,0
"Dominica",18,25.0668449197861,0,0,18,0,0,71808,95.5,NA,NA,NA,11.6,NA,NA,63000,7055.47018249463,2,1,2,0,0,1,0,0,0,0,"Latin America & Caribbean ",0,0,0,1
"Grenada",23,20.5351642366722,0,0,23,0,0,112003,327.805882352941,23.7172218601287,66.6053587850325,9.67741935483871,10.7,81.3,21.4,185000,9330.0409096764,2,1,2,0,0,1,0,0,0,0,"Latin America & Caribbean ",0,0,0,1
"Guyana",300,38.3256298817271,17,2.17178569329787,155,128,5.66666666666667,782766,3.95734823469647,27.9299305284082,65.3584851667037,6.71158430488805,11.6,67.6,30.5,287000,4159.60911667613,2,2,1,0,0,1,0,0,0,0,"Latin America & Caribbean ",0,0,0,1
"Haiti",6727,59.7261299021573,141,1.25187815017157,3022,3564,2.09603092017244,11263077,403.59854862119,32.8585874002282,62.0777430536966,5.0636695460752,6.7,57.1,26.5,447000,714.483025739391,1,2,2,0,0,1,0,0,0,0,"Latin America & Caribbean ",0,1,0,0
"Jamaica",759,25.7438322492546,10,0.339180925550126,628,121,1.31752305665349,2948279,270.993074792244,23.5312193995209,67.5463889272352,8.92239167324395,11.3,80,14.7,2473000,4866.98734957067,2,2,1,0,0,1,0,0,0,0,"Latin America & Caribbean ",0,0,0,1
"St. Kitts & Nevis",17,32.1829506086364,0,0,15,2,0,52823,201.696153846154,NA,NA,NA,13.3,NA,NA,125000,17241.5917321833,3,1,2,0,0,1,0,0,0,0,"Latin America & Caribbean ",1,0,0,0
"St. Lucia",22,12.0356693473385,0,0,19,3,0,182790,298.17868852459,18.211061874282,71.7539252694349,10.0350128562832,11.6,82,18.8,395000,9350.74809965205,2,1,2,0,0,1,0,0,0,0,"Latin America & Caribbean ",0,0,0,1
"Suriname",780,134.165388081985,18,3.09612434035351,526,236,2.30769230769231,581372,3.69225,26.9118567801683,66.0730134922219,7.01512972760986,12.5,75.9,21.7,NA,7966.68335951778,2,2,2,0,0,1,0,0,0,0,"Latin America & Caribbean ",0,0,0,1
"Trinidad & Tobago",133,9.53423471278655,8,0.573487802272876,124,1,6.01503759398496,1394973,270.927485380117,20.2611806823501,68.6206112949857,11.1182080226642,11,80.7,21.3,375000,15105.1185489231,3,2,1,0,0,1,0,0,0,0,"Latin America & Caribbean ",1,0,0,0
"St. Vincent & Grenadines",35,31.6487173226994,0,0,29,6,0,110589,282.589743589744,22.1938890848095,68.06553997233,9.7405709428605,11.6,81,23.2,80000,6852.50018972198,2,1,2,0,0,1,0,0,0,0,"Latin America & Caribbean ",0,0,0,1
